n_exposures,lgd_basic_error_mean,lgd_basic_error_sd,lgd_lgc_error_mean,lgd_lgc_error_sd,lgd_prd_error_mean,lgd_prd_error_sd,lgd_new_error_mean,lgd_new_error_sd
100,-0.0070594041362653905,0.02311599255666453,0.0053684858562447445,0.02505911883057657,0.012680066515503652,0.024498253931137685,0.0005600631998313908,0.021971822580006822
200,-0.007825084590855529,0.015429478866847443,0.0039452759210097,0.016980749388641306,0.011012645382424236,0.016431281320998165,-0.0003287993079764554,0.01486423950293179
500,-0.0076090073980723885,0.009502933694733644,0.00480029812917143,0.010221377496942836,0.011892327371099036,0.00989565993662834,0.0002172214443479672,0.009016841436726384
1000,-0.007636021478838336,0.006835048446449988,0.004895818001164491,0.007437316955248833,0.012317317044421178,0.0072152565411693695,0.0002920522831610183,0.00656347478808541
2000,-0.007792123792673947,0.004935218550053769,0.004576079863675921,0.005335271532229763,0.011851669899806879,0.005193820337597364,2.563468475828601e-05,0.004715516860979331
5000,-0.007896468345401288,0.0030973048284207907,0.004613561338368211,0.0034353144799370234,0.01195397052994748,0.003409931809026956,2.447461137191631e-06,0.0030013447442185153
10000,-0.007947488105384244,0.0021659615875077266,0.004513869374096897,0.0023137136670259703,0.01183819237480837,0.002273948601467867,-3.9661993127647955e-05,0.002043315370475381
20000,-0.007903762177559195,0.0015783662797373636,0.004584181807418094,0.001703435024790118,0.011933695680977406,0.0016778479653489565,-8.10556532265938e-06,0.001507354871931685
50000,-0.007937106180196038,0.000978227067963219,0.004526396346061892,0.0010621512393602943,0.011880616007516434,0.001044401121465712,-4.0951021398433984e-05,0.0009368334447987127
